{
    "rating_weight": 0.39169809514146187,
    "availability_weight": 0.2833424138289308,
    "price_weight": 0.22682641369590031,
    "language_weight": 0.10484172230716121,
    "learning_style_weight": -0.011956104082659756
}